Nome,Problema,Situação,Longitude,Latitude
Árvores do Campus,Árvore Doente,Ponto aprovado,-47.865609246348356,-15.764737977613802
Árvores do Campus,Galhos Quebrados,Ponto aprovado,-47.86788375959305,-15.768413742224926
Árvores do Campus,Galhos Quebrados,Ponto aprovado,-47.8689356,-15.763862999999997
Árvores do Campus,Árvore Doente,Ponto aprovado,-47.86887973999999,-15.763446250000003
Árvores do Campus,Árvore Tombada,Ponto aprovado,-47.868378580000005,-15.763591439999999
Árvores do Campus,Galhos Quebrados,Ponto aprovado,-47.86833925,-15.763649629999994
Árvores do Campus,Raízes Danificando Pavimento,Ponto aprovado,-47.86872721,-15.765181779999999
Árvores do Campus,Raízes Danificando Pavimento,Ponto aprovado,-47.86864006,-15.765254969999999
Árvores do Campus,Raízes Danificando Pavimento,Ponto aprovado,-47.8684515,-15.765373209999998
Árvores do Campus,Raízes Danificando Pavimento,Ponto aprovado,-47.868420619999995,-15.765383759999994
Árvores do Campus,Raízes Danificando Pavimento,Ponto aprovado,-47.8681313,-15.765593879999994
Árvores do Campus,Raízes Danificando Pavimento,Ponto aprovado,-47.86821008999999,-15.765562600000004
Árvores do Campus,Raízes Danificando Pavimento,Ponto aprovado,-47.86825276,-15.765517990000005
Árvores do Campus,Raízes Danificando Pavimento,Ponto aprovado,-47.86778381,-15.765815590000004
Árvores do Campus,Raízes Danificando Pavimento,Ponto aprovado,-47.86775393,-15.7658716
Árvores do Campus,Raízes Danificando Pavimento,Ponto aprovado,-47.86770441,-15.765880110000005
Árvores do Campus,Raízes Danificando Pavimento,Ponto aprovado,-47.867535919999995,-15.766047870000001
Árvores do Campus,Árvore com Necessidade de Poda,Ponto aprovado,-47.86759866,-15.766171150000005
Árvores do Campus,Raízes Danificando Pavimento,Ponto aprovado,-47.868394699999996,-15.765853690000004
Árvores do Campus,Raízes Danificando Pavimento,Ponto aprovado,-47.86833011,-15.76589524
Árvores do Campus,Raízes Danificando Pavimento,Ponto aprovado,-47.86831771,-15.765988050000002
Árvores do Campus,Raízes Danificando Pavimento,Ponto aprovado,-47.86857845,-15.765730840000007
Árvores do Campus,Raízes Danificando Pavimento,Ponto aprovado,-47.86888617999999,-15.765333230000001
Árvores do Campus,Raízes Danificando Pavimento,Ponto aprovado,-47.86888617999999,-15.765333230000001
Árvores do Campus,Árvore com Necessidade de Poda,Ponto aprovado,-47.86887058999999,-15.765400059999997
Árvores do Campus,Raízes Danificando Pavimento,Ponto aprovado,-47.86864615,-15.765487939999998
Árvores do Campus,Árvore com Necessidade de Poda,Ponto aprovado,-47.868618049999995,-15.765487610000001
Árvores do Campus,Árvore com Necessidade de Poda,Ponto aprovado,-47.867974939999996,-15.765922289999999
Árvores do Campus,Árvore com Risco de Tombamento,Ponto aprovado,-47.867847469999994,-15.765996259999993
Árvores do Campus,Árvore com Necessidade de Poda,Ponto aprovado,-47.86756463999999,-15.766208480000005
Árvores do Campus,Raízes Danificando Pavimento,Ponto aprovado,-47.86748485999999,-15.766240449999994
Árvores do Campus,Árvore com Necessidade de Poda,Ponto aprovado,-47.86787867,-15.766383270000006
Árvores do Campus,Árvore Doente,Ponto aprovado,-47.86794075,-15.766361539999998
Árvores do Campus,Raízes Danificando Pavimento,Ponto aprovado,-47.868137319999995,-15.766200759999997
Árvores do Campus,Raízes Danificando Pavimento,Ponto aprovado,-47.868174399999994,-15.76617505000001
Árvores do Campus,Raízes Danificando Pavimento,Ponto aprovado,-47.86833617,-15.766071989999997
Árvores do Campus,Raízes Danificando Pavimento,Ponto aprovado,-47.86841879999999,-15.765997709999999
Árvores do Campus,Árvore com Necessidade de Poda,Ponto aprovado,-47.86866187,-15.765838169999997
Árvores do Campus,Árvore com Necessidade de Poda,Ponto aprovado,-47.86875465999999,-15.765786260000004
Árvores do Campus,Raízes Danificando Pavimento,Ponto aprovado,-47.86886681,-15.765707180000001
Árvores do Campus,Raízes Danificando Pavimento,Ponto aprovado,-47.868963969999996,-15.765649870000004
Árvores do Campus,Raízes Danificando Pavimento,Ponto aprovado,-47.86920640999999,-15.765510600000006
Árvores do Campus,Raízes Danificando Pavimento,Ponto aprovado,-47.86920039999999,-15.765667269999991
Árvores do Campus,Raízes Danificando Pavimento,Ponto aprovado,-47.86924539999999,-15.765633060000004
Árvores do Campus,Raízes Danificando Pavimento,Ponto aprovado,-47.868031259999995,-15.76671632999999
Árvores do Campus,Raízes Danificando Pavimento,Ponto aprovado,-47.86797111999999,-15.766751540000001
Árvores do Campus,Raízes Danificando Pavimento,Ponto aprovado,-47.86811280999999,-15.766672880000002
Árvores do Campus,Raízes Danificando Pavimento,Ponto aprovado,-47.86825835999999,-15.766536659999995
Árvores do Campus,Raízes Danificando Pavimento,Ponto aprovado,-47.86855158000001,-15.76633173
Árvores do Campus,Raízes Danificando Pavimento,Ponto aprovado,-47.86898642,-15.766043130000002
Árvores do Campus,Raízes Danificando Pavimento,Ponto aprovado,-47.86910442,-15.765963059999999
Árvores do Campus,Raízes Danificando Pavimento,Ponto aprovado,-47.869201079999996,-15.765891909999995
Árvores do Campus,Raízes Danificando Pavimento,Ponto aprovado,-47.86884117,-15.766312419999998
Árvores do Campus,Raízes Danificando Pavimento,Ponto aprovado,-47.86839212999999,-15.766592489999994
Árvores do Campus,Raízes Danificando Pavimento,Ponto aprovado,-47.86828016,-15.766675889999995
Árvores do Campus,Raízes Danificando Pavimento,Ponto aprovado,-47.8680693,-15.76682914
Árvores do Campus,Raízes Danificando Pavimento,Ponto aprovado,-47.86816698,-15.767009140000003
Árvores do Campus,Árvore Doente,Ponto aprovado,-47.8681695,-15.767100029999995
Árvores do Campus,Árvore com Risco de Tombamento,Ponto aprovado,-47.86946265,-15.766261699999992
Árvores do Campus,Raízes Danificando Pavimento,Ponto aprovado,-47.87000589,-15.764921440000007
Árvores do Campus,Raízes Danificando Pavimento,Ponto aprovado,-47.86988344,-15.764760800000003
Árvores do Campus,Galhos Quebrados,Ponto aprovado,-47.869874270000004,-15.764653840000005
Árvores do Campus,Raízes Danificando Pavimento,Ponto aprovado,-47.87100196,-15.764173040000006
Árvores do Campus,Raízes Danificando Pavimento,Ponto aprovado,-47.8703909,-15.76474746
Árvores do Campus,Raízes Danificando Pavimento,Ponto aprovado,-47.87029854,-15.764689860000002
Árvores do Campus,Raízes Danificando Pavimento,Ponto aprovado,-47.870272910000004,-15.764694500000003
Árvores do Campus,Raízes Danificando Pavimento,Ponto aprovado,-47.87017209,-15.764743219999994
Árvores do Campus,Galhos Quebrados,Ponto aprovado,-47.87090208,-15.763000630000004
Árvores do Campus,Raízes Danificando Pavimento,Ponto aprovado,-47.87072361,-15.76246951
Árvores do Campus,Raízes Danificando Pavimento,Ponto aprovado,-47.87072200000001,-15.762342890000003
Árvores do Campus,Raízes Danificando Pavimento,Ponto aprovado,-47.87072157,-15.76228751
Árvores do Campus,Raízes Danificando Pavimento,Ponto aprovado,-47.870758099999996,-15.76226694
Árvores do Campus,Raízes Danificando Pavimento,Ponto aprovado,-47.870783870000004,-15.76220718
Árvores do Campus,Raízes Danificando Pavimento,Ponto aprovado,-47.87081997999999,-15.762148609999999
Árvores do Campus,Raízes Danificando Pavimento,Ponto aprovado,-47.87090524,-15.761863520000007
Árvores do Campus,Raízes Danificando Pavimento,Ponto aprovado,-47.87090907,-15.761764550000004
Árvores do Campus,Raízes Danificando Pavimento,Ponto aprovado,-47.87115786999999,-15.760940519999993
Árvores do Campus,Raízes Danificando Pavimento,Ponto aprovado,-47.87118255,-15.76076422
Árvores do Campus,Raízes Danificando Pavimento,Ponto aprovado,-47.87120063,-15.760732689999996
Árvores do Campus,Raízes Danificando Pavimento,Ponto aprovado,-47.87133267,-15.760773099999994
Árvores do Campus,Raízes Danificando Pavimento,Ponto aprovado,-47.87121086999999,-15.761204419999999
Árvores do Campus,Raízes Danificando Pavimento,Ponto aprovado,-47.87114868999999,-15.761325620000008
Árvores do Campus,Raízes Danificando Pavimento,Ponto aprovado,-47.87106355,-15.76178901000001
Árvores do Campus,Raízes Danificando Pavimento,Ponto aprovado,-47.87100234,-15.761971410000006
Árvores do Campus,Raízes Danificando Pavimento,Ponto aprovado,-47.870977929999995,-15.762123659999993
Árvores do Campus,Raízes Danificando Pavimento,Ponto aprovado,-47.87094698,-15.762430230000001
Árvores do Campus,Raízes Danificando Pavimento,Ponto aprovado,-47.870960419999996,-15.762450130000003
Árvores do Campus,Raízes Danificando Pavimento,Ponto aprovado,-47.87100869,-15.762397389999995
Árvores do Campus,Raízes Danificando Pavimento,Ponto aprovado,-47.87105694,-15.762335599999998
Árvores do Campus,Raízes Danificando Pavimento,Ponto aprovado,-47.87117148,-15.761915019999995
Árvores do Campus,Raízes Danificando Pavimento,Ponto aprovado,-47.87145392,-15.761054210000003
Árvores do Campus,Raízes Danificando Pavimento,Ponto aprovado,-47.87138038999999,-15.761823049999999
Árvores do Campus,Raízes Danificando Pavimento,Ponto aprovado,-47.87131647,-15.762020000000003
Árvores do Campus,Raízes Danificando Pavimento,Ponto aprovado,-47.8712478,-15.76224416
Árvores do Campus,Raízes Danificando Pavimento,Ponto aprovado,-47.871222710000005,-15.762391169999997
Árvores do Campus,Raízes Danificando Pavimento,Ponto aprovado,-47.87133802,-15.762701109999998
Árvores do Campus,Raízes Danificando Pavimento,Ponto aprovado,-47.87144561,-15.76249259
Árvores do Campus,Raízes Danificando Pavimento,Ponto aprovado,-47.871524019999995,-15.762415039999999
Árvores do Campus,Raízes Danificando Pavimento,Ponto aprovado,-47.871512169999995,-15.762295370000004
Árvores do Campus,Árvore Doente,Ponto aprovado,-47.87154835,-15.761987889999995
Árvores do Campus,Raízes Danificando Pavimento,Ponto aprovado,-47.87169365,-15.761465890000009
Árvores do Campus,Raízes Danificando Pavimento,Ponto aprovado,-47.87192425,-15.761367610000002
Árvores do Campus,Raízes Danificando Pavimento,Ponto aprovado,-47.87181940999999,-15.76213681999999
Árvores do Campus,Raízes Danificando Pavimento,Ponto aprovado,-47.871719590000005,-15.76223472
Árvores do Campus,Raízes Danificando Pavimento,Ponto aprovado,-47.87188546,-15.760894400000005
Árvores do Campus,Raízes Danificando Pavimento,Ponto aprovado,-47.867017829999995,-15.76111651000001
Árvores do Campus,Raízes Danificando Pavimento,Ponto aprovado,-47.86701684,-15.761254539999996
Árvores do Campus,Raízes Danificando Pavimento,Ponto aprovado,-47.86702059,-15.761413060000004
Árvores do Campus,Raízes Danificando Pavimento,Ponto aprovado,-47.86687964,-15.761769449999997
Árvores do Campus,Raízes Danificando Pavimento,Ponto aprovado,-47.866628459999994,-15.762376719999999
Árvores do Campus,Raízes Danificando Pavimento,Ponto aprovado,-47.866316499999996,-15.76312754000001
Árvores do Campus,Galhos Quebrados,Ponto aprovado,-47.866996390000004,-15.764102799999991
Árvores do Campus,Árvore com Risco de Tombamento,Ponto aprovado,-47.86857142,-15.767933400000004
Árvores do Campus,Cova Aberta sem Muda,Ponto aprovado,-47.87248908333332,-15.762389599999995
Árvores do Campus,Presença de Abelhas / Maribondos,Ponto aprovado,-47.87243538333333,-15.762515599999995
Árvores do Campus,Galhos Quebrados,Ponto aprovado,-47.87253193089762,-15.760289797739079
Árvores do Campus,Galhos Quebrados,Ponto aprovado,-47.87240413597321,-15.76018182996104
Árvores do Campus,Cova Aberta sem Muda,Ponto aprovado,-47.87113622173957,-15.759786759858526
Árvores do Campus,Árvore Doente,Ponto aprovado,-47.86602120999999,-15.771793300000006
Árvores do Campus,Árvore Doente,Ponto aprovado,-47.865887969999996,-15.77248463
Árvores do Campus,Galhos Quebrados,Ponto aprovado,-47.86790376,-15.764346270000004
Árvores do Campus,Árvore Doente,Ponto aprovado,-47.873189100000005,-15.761760333333331
Árvores do Campus,Árvore Doente,Ponto aprovado,-47.872930166666656,-15.761794599999996
Árvores do Campus,Árvore Doente,Ponto aprovado,-47.87288765,-15.761863216666669
Árvores do Campus,Árvore Doente,Ponto aprovado,-47.87288765,-15.761856700000004
Árvores do Campus,Galhos Quebrados,Ponto aprovado,-47.86651259999999,-15.774394059999997
Árvores do Campus,Presença de Abelhas / Maribondos,Ponto aprovado,-47.870174670000004,-15.77463251
Árvores do Campus,Árvore Doente,Ponto aprovado,-47.87304026666667,-15.761803649999996
Árvores do Campus,Árvore Doente,Ponto aprovado,-47.87304026666667,-15.761803649999996
Árvores do Campus,Árvore Doente,Ponto aprovado,-47.873033666666664,-15.76179736666667
Árvores do Campus,Árvore com Risco de Tombamento,Ponto aprovado,-47.872705700000004,-15.762671516666675
Árvores do Campus,Galhos Quebrados,Ponto aprovado,-47.87096252,-15.77239148
Árvores do Campus,Presença de Abelhas / Maribondos,Ponto aprovado,-47.860334,-15.763082699999993
Árvores do Campus,Cova Aberta sem Muda,Ponto aprovado,-47.87259778333334,-15.762835783333337
Árvores do Campus,Galhos Quebrados,Ponto aprovado,-47.8603213,-15.76321489999999
Árvores do Campus,Galhos Quebrados,Ponto aprovado,-47.86870916,-15.767612049999995
Árvores do Campus,Raízes Danificando Pavimento,Ponto aprovado,-47.873748166666665,-15.762831799999999
Árvores do Campus,Cova Aberta sem Muda,Ponto aprovado,-47.869089743409205,-15.759289588031887
Árvores do Campus,Árvore Doente,Ponto aprovado,-47.86986223,-15.768918119999999
Árvores do Campus,Árvore Doente,Ponto aprovado,-47.87105060999999,-15.771500319999994
Árvores do Campus,Galhos Quebrados,Ponto aprovado,-47.87093215,-15.772427320000002
Árvores do Campus,Árvore Doente,Ponto aprovado,-47.86766976999999,-15.77499492
Árvores do Campus,Árvore com Risco de Tombamento,Ponto aprovado,-47.868053067246976,-15.764357441352315
Árvores do Campus,Raízes Danificando Pavimento,Ponto aprovado,-47.86915328999999,-15.765904519999992
Árvores do Campus,Raízes Danificando Pavimento,Ponto aprovado,-47.86903861,-15.765969389999995
Árvores do Campus,Raízes Danificando Pavimento,Ponto aprovado,-47.86893097,-15.766027620000003
Árvores do Campus,Raízes Danificando Pavimento,Ponto aprovado,-47.868492849999996,-15.766331780000003
Árvores do Campus,Raízes Danificando Pavimento,Ponto aprovado,-47.86824475,-15.766489950000011
Árvores do Campus,Árvore Doente,Ponto aprovado,-47.86814754,-15.766556420000006
Árvores do Campus,Raízes Danificando Pavimento,Ponto aprovado,-47.86802581999999,-15.766652519999996
Árvores do Campus,Raízes Danificando Pavimento,Ponto aprovado,-47.867748309999996,-15.766672459999999
Árvores do Campus,Raízes Danificando Pavimento,Ponto aprovado,-47.86828561,-15.766141609999998
Árvores do Campus,Raízes Danificando Pavimento,Ponto aprovado,-47.86845531,-15.766004099999995
Árvores do Campus,Raízes Danificando Pavimento,Ponto aprovado,-47.86852947,-15.765956050000003
Árvores do Campus,Raízes Danificando Pavimento,Ponto aprovado,-47.869043319999996,-15.765700830000005
Árvores do Campus,Raízes Danificando Pavimento,Ponto aprovado,-47.868443389999996,-15.765899320000003
Árvores do Campus,Raízes Danificando Pavimento,Ponto aprovado,-47.86813343,-15.766185439999992
Árvores do Campus,Raízes Danificando Pavimento,Ponto aprovado,-47.86752187,-15.766331489999999
Árvores do Campus,Árvore com Necessidade de Poda,Ponto aprovado,-47.86757786,-15.766221210000008
Árvores do Campus,Raízes Danificando Pavimento,Ponto aprovado,-47.86819085999999,-15.765941420000008
Árvores do Campus,Raízes Danificando Pavimento,Ponto aprovado,-47.86833167999999,-15.765843969999997
Árvores do Campus,Raízes Danificando Pavimento,Ponto aprovado,-47.868544719999996,-15.765577
Árvores do Campus,Raízes Danificando Pavimento,Ponto aprovado,-47.86871897999999,-15.765485630000002
Árvores do Campus,Raízes Danificando Pavimento,Ponto aprovado,-47.86889101,-15.765368539999997
Árvores do Campus,Raízes Danificando Pavimento,Ponto aprovado,-47.86870496,-15.765281859999993
Árvores do Campus,Raízes Danificando Pavimento,Ponto aprovado,-47.86854594,-15.765460029999993
Árvores do Campus,Raízes Danificando Pavimento,Ponto aprovado,-47.86841629,-15.765419499999991
Árvores do Campus,Raízes Danificando Pavimento,Ponto aprovado,-47.86782942,-15.765877510000006
Árvores do Campus,Raízes Danificando Pavimento,Ponto aprovado,-47.86779863,-15.765862960000007
Árvores do Campus,Raízes Danificando Pavimento,Ponto aprovado,-47.867480449999995,-15.766075449999997
Árvores do Campus,Raízes Danificando Pavimento,Ponto aprovado,-47.8677072,-15.765870659999997
Árvores do Campus,Raízes Danificando Pavimento,Ponto aprovado,-47.86814180999999,-15.765586080000002
Árvores do Campus,Raízes Danificando Pavimento,Ponto aprovado,-47.86841516999999,-15.765384349999996
Árvores do Campus,Raízes Danificando Pavimento,Ponto aprovado,-47.872618861599655,-15.760299376164115
Árvores do Campus,Árvore Doente,Ponto aprovado,-47.867629629999996,-15.770323919999992
Árvores do Campus,Árvore Tombada,Ponto aprovado,-47.86744818999999,-15.770456209999995
Árvores do Campus,Árvore Doente,Ponto aprovado,-47.86492746999999,-15.770858699999998
Árvores do Campus,Árvore Doente,Ponto aprovado,-47.86588673999999,-15.772451270000001
Árvores do Campus,Árvore Doente,Ponto aprovado,-47.86678738,-15.774788559999992
Árvores do Campus,Cova Aberta sem Muda,Ponto aprovado,-47.87022413375148,-15.757294131023038
Árvores do Campus,Árvore com Risco de Tombamento,Ponto aprovado,-47.86946491999999,-15.768370800000003
Árvores do Campus,Árvore Doente,Ponto aprovado,-47.872704133333336,-15.763763683333329
Árvores do Campus,Árvore com Risco de Tombamento,Ponto aprovado,-47.87269141666667,-15.764470483333325
Árvores do Campus,Árvore Tombada,Ponto aprovado,-47.87228088333333,-15.764304599999997
Árvores do Campus,Presença de Abelhas / Maribondos,Ponto aprovado,-47.87210791666666,-15.764255816666667
Árvores do Campus,Raízes Danificando Pavimento,Ponto aprovado,-47.87140366666665,-15.764004233333326
Árvores do Campus,Galhos Quebrados,Ponto aprovado,-47.87114103333333,-15.764790716666665
Árvores do Campus,Árvore com Necessidade de Poda,Ponto aprovado,-47.87068283333333,-15.765147633333337
Árvores do Campus,Árvore com Necessidade de Poda,Ponto aprovado,-47.87067115,-15.765238199999997
Árvores do Campus,Árvore Doente,Ponto aprovado,-47.8763689088318,-15.749385776516963
Árvores do Campus,Galhos Quebrados,Ponto aprovado,-47.87649424682924,-15.749627821652895
Árvores do Campus,Raízes Danificando Pavimento,Ponto aprovado,-47.87683086051667,-15.749565884820262
Árvores do Campus,Árvore Doente,Ponto aprovado,-47.86968655,-15.766424433333327
Árvores do Campus,Raízes Danificando Pavimento,Ponto aprovado,-47.86955008333333,-15.766492733333322
Árvores do Campus,Galhos Quebrados,Ponto aprovado,-47.87003571666667,-15.765990033333335
Árvores do Campus,Árvore com Risco de Tombamento,Ponto aprovado,-47.870354199999994,-15.765522600000004
Árvores do Campus,Árvore com Necessidade de Poda,Ponto aprovado,-47.87168105000001,-15.765255750000001
Árvores do Campus,Árvore cruzando/tocando rede elétrica,Ponto aprovado,-47.87186276666666,-15.765028283333335
Árvores do Campus,Galhos Quebrados,Ponto aprovado,-47.86821622,-15.763763230000006
Árvores do Campus,Galhos Quebrados,Ponto aprovado,-47.867922070000006,-15.761766399999996
Árvores do Campus,Galhos Quebrados,Ponto aprovado,-47.86796867,-15.761477349999996
Árvores do Campus,Cova Aberta sem Muda,Ponto aprovado,-47.86712209,-15.760545
Árvores do Campus,Cova Aberta sem Muda,Ponto aprovado,-47.86883528,-15.761014369999993
Árvores do Campus,Galhos Quebrados,Ponto aprovado,-47.868981049999995,-15.761117939999998
Árvores do Campus,Galhos Quebrados,Ponto aprovado,-47.868952549999996,-15.761135769999992
Árvores do Campus,Galhos Quebrados,Ponto aprovado,-47.86893611,-15.761242119999997
Árvores do Campus,Galhos Quebrados,Ponto aprovado,-47.869751259999994,-15.76096910000001
Árvores do Campus,Galhos Quebrados,Ponto aprovado,-47.870213119999995,-15.760502559999992
Árvores do Campus,Presença de Abelhas / Maribondos,Ponto aprovado,-47.87023507999999,-15.774659760000002
Árvores do Campus,Árvore tocando na Janela,Ponto aprovado,-47.869535899999995,-15.76845671999999
Árvores do Campus,Galhos Quebrados,Ponto aprovado,-47.87261175418484,-15.759460311709855
Árvores do Campus,Galhos Quebrados,Ponto aprovado,-47.87205804127804,-15.759102959909107
Árvores do Campus,Árvore Doente,Ponto aprovado,-47.86998995801496,-15.75907974376399
Árvores do Campus,Galhos Quebrados,Ponto aprovado,-47.87039189413128,-15.759509757205656
Árvores do Campus,Galhos Quebrados,Ponto aprovado,-47.871683136392974,-15.75995001421087
Árvores do Campus,Árvore tocando na Janela,Ponto aprovado,-47.871571149542575,-15.759993433919096
Árvores do Campus,Árvore com Necessidade de Poda,Ponto aprovado,-47.86642414,-15.771602409999993
Árvores do Campus,Árvore com Necessidade de Poda,Ponto aprovado,-47.86701799,-15.770805249999999
Árvores do Campus,Galhos Quebrados,Ponto aprovado,-47.86922084172057,-15.763599118231427
Árvores do Campus,Raízes Danificando Pavimento,Ponto aprovado,-47.86594100999999,-15.768368849999996
Árvores do Campus,Raízes Danificando Pavimento,Ponto aprovado,-47.86596442,-15.768265190000003
Árvores do Campus,Raízes Danificando Pavimento,Ponto aprovado,-47.86606644,-15.768209560000006
Árvores do Campus,Raízes Danificando Pavimento,Ponto aprovado,-47.86608792999999,-15.768005379999995
Árvores do Campus,Raízes Danificando Pavimento,Ponto aprovado,-47.86633808999999,-15.767031110000001
Árvores do Campus,Árvore Doente,Ponto aprovado,-47.871974449999996,-15.763320633333333
Árvores do Campus,Raízes Danificando Pavimento,Ponto aprovado,-47.872188599999994,-15.763123250000005
Árvores do Campus,Árvore com Necessidade de Poda,Ponto aprovado,-47.873260483333326,-15.763058683333336
Árvores do Campus,Presença de Abelhas / Maribondos,Ponto aprovado,-47.8736004,-15.762801816666672
Árvores do Campus,Galhos Quebrados,Ponto aprovado,-47.87362091666667,-15.762790250000002
Árvores do Campus,Galhos Quebrados,Ponto aprovado,-47.87362043333333,-15.762831116666662
Árvores do Campus,Árvore com Risco de Tombamento,Ponto aprovado,-47.8736078,-15.762737599999998
Árvores do Campus,Galhos Quebrados,Ponto aprovado,-47.86773788,-15.764389240000007
Árvores do Campus,Galhos Quebrados,Ponto aprovado,-47.86774773,-15.764377349999997
Árvores do Campus,Galhos Quebrados,Ponto aprovado,-47.870366874778874,-15.759540463396853
Árvores do Campus,Galhos Quebrados,Ponto aprovado,-47.87250160344774,-15.759576529493902
Árvores do Campus,Galhos Quebrados,Ponto aprovado,-47.87101413189395,-15.759714893476625
Árvores do Campus,Árvore tocando na Janela,Ponto aprovado,-47.87162745413907,-15.759912749300858
Árvores do Campus,Árvore Tombada,Ponto aprovado,-47.86992685,-15.771132019999998
Resíduos,Papel,Ponto aprovado,-47.87028701887045,-15.77062329902074
Resíduos,Plástico,Ponto aprovado,-47.86951454267414,-15.76965274899913
Resíduos,conteiners,Ponto aprovado,-47.868929699999995,-15.7638744
Resíduos,conteiners,Ponto aprovado,-47.86887617756968,-15.756865239890622
Resíduos,conteiners,Ponto aprovado,-47.86888616806791,-15.756876869292944
Resíduos,conteiners,Ponto aprovado,-47.870715631201165,-15.75762227860072
Resíduos,conteiners,Ponto aprovado,-47.86688793,-15.765756640000003
Resíduos,Outros Resíduos,Ponto aprovado,-47.86642717,-15.765238599999998
Resíduos,Orgânico,Ponto aprovado,-47.86803177,-15.760208799999997
Resíduos,conteiners,Ponto aprovado,-47.87147776999999,-15.770492709999996
Resíduos,Resíduos Sólidos,Ponto aprovado,-47.86955079999999,-15.761924739999998
Resíduos,Resíduos Sólidos,Ponto aprovado,-47.86941238,-15.76290029
Resíduos,Outros Resíduos,Ponto aprovado,-47.86850689999999,-15.763942829999996
Resíduos,Resíduos Sólidos,Ponto aprovado,-47.86812741,-15.763968799999995
Resíduos,conteiners,Ponto aprovado,-47.8702581,-15.772741290000006
Resíduos,Orgânico,Ponto aprovado,-47.86791554999999,-15.764089199999999
Resíduos,Outros Resíduos,Ponto aprovado,-47.86763300999999,-15.764498339999994
Resíduos,Metal,Ponto aprovado,-47.86740571,-15.76469505
Resíduos,conteiners,Ponto aprovado,-47.87018515,-15.773389169999998
Resíduos,Resíduos Sólidos,Ponto aprovado,-47.86670483,-15.765199989999997
Resíduos,Outros Resíduos,Ponto aprovado,-47.87056259999999,-15.765100233333332
Resíduos,conteiners,Ponto aprovado,-47.87060511666667,-15.765035716666665
Resíduos,Resíduos Sólidos,Ponto aprovado,-47.87094939999999,-15.763966339999989
Resíduos,Vidro,Ponto aprovado,-47.870244500000005,-15.76562229999999
Resíduos,Outros Resíduos,Ponto aprovado,-47.87118536999999,-15.764045200000004
Resíduos,conteiners,Ponto aprovado,-47.867084139999996,-15.774978369999992
Resíduos,Resíduos Sólidos,Ponto aprovado,-47.87110462999999,-15.763509679999999
Resíduos,Resíduos Sólidos,Ponto aprovado,-47.87111555999999,-15.76349658
Resíduos,Resíduos Sólidos,Ponto aprovado,-47.87171082999999,-15.763213620000002
Resíduos,Resíduos Sólidos,Ponto aprovado,-47.87182467,-15.763044310000005
Resíduos,Plástico,Ponto aprovado,-47.87221336,-15.762356200000005
Resíduos,Outros Resíduos,Ponto aprovado,-47.872278869999995,-15.762064200000001
Resíduos,conteiners,Ponto aprovado,-47.86626345999999,-15.772102499999995
Resíduos,Outros Resíduos,Ponto aprovado,-47.8704125,-15.763065479999996
Resíduos,Resíduos Sólidos,Ponto aprovado,-47.868340329999995,-15.763839439999996
Resíduos,Plástico,Ponto aprovado,-47.86774994999999,-15.763480200000002
Resíduos,Metal,Ponto aprovado,-47.86832868999999,-15.762811659999995
Resíduos,Plástico,Ponto aprovado,-47.86851838,-15.76255109
Resíduos,Outros Resíduos,Ponto aprovado,-47.86868876999999,-15.762226119999998
Resíduos,Outros Resíduos,Ponto aprovado,-47.86881956,-15.761842409999998
Resíduos,Vidro,Ponto aprovado,-47.86948807,-15.761661650000004
Resíduos,conteiners,Ponto aprovado,-47.87641335582589,-15.749372174755079
Resíduos,Resíduos Sólidos,Ponto aprovado,-47.87687490213257,-15.749203898041799
Resíduos,conteiners,Ponto aprovado,-47.870727948526046,-15.757582047873772
Resíduos,Resíduos Sólidos,Ponto aprovado,-47.87113717999999,-15.775501730000006
Resíduos,Conteiner Danificado,Ponto aprovado,-47.87017896999999,-15.772751410000001
Resíduos,Resíduos Sólidos,Ponto aprovado,-47.87100002999999,-15.771896639999994
Resíduos,Conteiner com Tampa Quebrada,Ponto aprovado,-47.86926754,-15.769484080000005
Resíduos,Conteiner com Tampa Quebrada,Ponto aprovado,-47.86644657,-15.773074129999992
Resíduos,Conteiner com Tampa Quebrada,Ponto aprovado,-47.86625471999999,-15.772086150000009
Resíduos,Resíduos Sólidos,Ponto aprovado,-47.87124176,-15.775513220000002
Resíduos,Resíduos Sólidos,Ponto aprovado,-47.869732559999996,-15.768025989999998
Resíduos,Resíduos Sólidos,Ponto aprovado,-47.86964023,-15.762225379999995
Resíduos,Plástico,Ponto aprovado,-47.86773985999999,-15.76128737
Resíduos,Plástico,Ponto aprovado,-47.86703822999999,-15.762189790000004
Resíduos,Outros Resíduos,Ponto aprovado,-47.86671118,-15.763184710000003
Resíduos,Plástico,Ponto aprovado,-47.86730117,-15.763668259999996
Resíduos,Plástico,Ponto aprovado,-47.86972297,-15.764499699999996
Resíduos,Resíduos Sólidos,Ponto aprovado,-47.87112472999999,-15.775549120000003
Resíduos,Resíduos Sólidos,Ponto aprovado,-47.87025778999999,-15.772736589999996
Resíduos,Resíduos Sólidos,Ponto aprovado,-47.86967204,-15.768074099999998
Resíduos,Conteiner sem Tampa,Ponto aprovado,-47.87068598012539,-15.757616073015708
Resíduos,Conteiner Danificado,Ponto aprovado,-47.866502669999996,-15.771115019999998
Infraestrutura Esgoto,Vazamento Grande,Ponto aprovado,-47.87073931617669,-15.76507021025787
Infraestrutura Esgoto,Área Inundada,Ponto aprovado,-47.87472155548847,-15.760265119466291
Infraestrutura Esgoto,Vazamento Pequeno,Ponto aprovado,-47.87477809176946,-15.760245679752902
Infraestrutura Esgoto,Odor,Ponto aprovado,-47.86886461,-15.761856710000002
Infraestrutura Esgoto,Bueiro Entupido,Ponto aprovado,-47.870106899999996,-15.772686399999994
Infraestrutura Esgoto,Bueiro Aberto,Ponto aprovado,-47.86853987999999,-15.768133709999994
Infraestrutura Esgoto,Bueiro Aberto,Ponto aprovado,-47.86783335999999,-15.76374575999999
Infraestrutura Esgoto,Vazamento Pequeno,Ponto aprovado,-47.871081399999994,-15.76480933333334
Infraestrutura Esgoto,Odor,Ponto aprovado,-47.87116186666666,-15.764784150000008
Infraestrutura Esgoto,Bueiro Aberto,Ponto aprovado,-47.87116533333332,-15.764799099999998
Infraestrutura Esgoto,Bueiro Aberto,Ponto aprovado,-47.87126020000001,-15.764484600000003
Infraestrutura Esgoto,Bueiro Aberto,Ponto aprovado,-47.871205207847574,-15.759113652141467
Infraestrutura Esgoto,Bueiro Aberto,Ponto aprovado,-47.8710450064637,-15.759573350035563
Infraestrutura Esgoto,Bueiro Aberto,Ponto aprovado,-47.870573377538065,-15.757416700797867
Infraestrutura Esgoto,Bueiro Aberto,Ponto aprovado,-47.871289280532075,-15.75758685182123
Infraestrutura Esgoto,Bueiro Aberto,Ponto aprovado,-47.87263370451821,-15.758784961062693
Infraestrutura Esgoto,Bueiro Aberto,Ponto aprovado,-47.86944708119297,-15.759282536082388
Infraestrutura Esgoto,Vazamento Grande,Ponto aprovado,-47.87038681332651,-15.759623798435886
Infraestrutura Energia,Luminária Apagada,Ponto aprovado,-47.872304040049706,-15.767381230800298
Infraestrutura Energia,Poste Quebrado,Ponto aprovado,-47.87269027814786,-15.767752935518415
Infraestrutura Energia,Luminária Apagada,Ponto aprovado,-47.86841253,-15.763433159999993
Infraestrutura Energia,Poste Quebrado,Ponto aprovado,-47.86830206,-15.763586949999999
Infraestrutura Energia,Luminária Apagada,Ponto aprovado,-47.870585120879014,-15.757535281611869
Infraestrutura Energia,Interruptor com Problema,Ponto aprovado,-47.86967496999999,-15.768744900000003
Infraestrutura Energia,Cabo Partido,Ponto aprovado,-47.869908416666675,-15.767160099999995
Infraestrutura Energia,Poste Quebrado,Ponto aprovado,-47.870811366666665,-15.766506749999987
Infraestrutura Energia,Poste Quebrado,Ponto aprovado,-47.87078106666665,-15.76649823333334
Infraestrutura Energia,Poste Quebrado,Ponto aprovado,-47.87172473999999,-15.763128809999998
Infraestrutura Energia,Luminária Apagada,Ponto aprovado,-47.871628699999995,-15.770944680000005
Infraestrutura Energia,Luminária Apagada,Ponto aprovado,-47.87164133,-15.771291609999993
Infraestrutura Energia,Luminária Apagada,Ponto aprovado,-47.87018067,-15.773180390000002
Infraestrutura Energia,Luminária Apagada,Ponto aprovado,-47.87029527999999,-15.775630299999996
Infraestrutura Energia,Luminária Apagada,Ponto aprovado,-47.86952762,-15.775317520000009
Infraestrutura Energia,Luminária Apagada,Ponto aprovado,-47.8661746,-15.771674909999996
Infraestrutura Energia,Luminária Apagada,Ponto aprovado,-47.866274499999996,-15.77188875999999
Infraestrutura Energia,Luminária Apagada,Ponto aprovado,-47.8670871,-15.76992073
Infraestrutura Energia,Luminária Apagada,Ponto aprovado,-47.86737613,-15.769518000000001
Infraestrutura Energia,Luminária Apagada,Ponto aprovado,-47.87156885094032,-15.757822631814886
Infraestrutura Energia,Poste Quebrado,Ponto aprovado,-47.87671480654732,-15.749469862788336
Infraestrutura Energia,Luminária Ligada de Dia,Ponto aprovado,-47.87058578,-15.769243759999998
Infraestrutura Energia,Luminária Ligada de Dia,Ponto aprovado,-47.87060079999999,-15.769490679999992
Infraestrutura Energia,Luminária Ligada de Dia,Ponto aprovado,-47.87095725,-15.77036995
Infraestrutura Energia,Luminária Ligada de Dia,Ponto aprovado,-47.87111313,-15.770319780000003
Infraestrutura Energia,Luminária com Tampa Quebrada,Ponto aprovado,-47.87014791,-15.77053792999999
Infraestrutura Energia,Luminária com Tampa Quebrada,Ponto aprovado,-47.8705458,-15.770251620000002
Infraestrutura Energia,Luminária Ligada de Dia,Ponto aprovado,-47.87054459,-15.770257540000003
Infraestrutura Energia,Luminária com Tampa Quebrada,Ponto aprovado,-47.86956554999999,-15.769634449999993
Infraestrutura Energia,Luminária Ligada de Dia,Ponto aprovado,-47.8695631,-15.769641570000005
Infraestrutura Energia,Luminária com Tampa Quebrada,Ponto aprovado,-47.86955317,-15.769812030000006
Infraestrutura Energia,Luminária Ligada de Dia,Ponto aprovado,-47.86960336,-15.769822720000004
Infraestrutura Energia,Luminária Ligada de Dia,Ponto aprovado,-47.86985679,-15.769965939999999
Infraestrutura Energia,Luminária Ligada de Dia,Ponto aprovado,-47.86993955,-15.770152909999993
Infraestrutura Energia,Poste Quebrado,Ponto aprovado,-47.871762200000006,-15.764051916666672
Infraestrutura Energia,Poste Quebrado,Ponto aprovado,-47.87348861666666,-15.762480699999998
Infraestrutura Energia,Poste Quebrado,Ponto aprovado,-47.870191724468945,-15.759132133939563
Infraestrutura Energia,Luminária Apagada de Noite,Ponto aprovado,-47.86933067406239,-15.758910288170348
Infraestrutura Energia,Luminária Apagada de Noite,Ponto aprovado,-47.86956124634733,-15.758989332940104
Infraestrutura Energia,Luminária Apagada de Noite,Ponto aprovado,-47.87043023,-15.77273015999999
Infraestrutura Energia,Luminária Apagada de Noite,Ponto aprovado,-47.87124532114415,-15.758508107661678
Infraestrutura Energia,Cabo Partido,Ponto aprovado,-47.87112084838657,-15.758542126889251
Infraestrutura Energia,Luminária Apagada de Noite,Ponto aprovado,-47.87097527069636,-15.7584864040954
Infraestrutura Energia,Luminária Apagada de Noite,Ponto aprovado,-47.871181653027584,-15.758829426121821
Infraestrutura Energia,Fios do poste a mostra,Ponto aprovado,-47.86837055000001,-15.768484660000002
Infraestrutura Energia,Fios do poste a mostra,Ponto aprovado,-47.8682154,-15.768381439999999
Infraestrutura Energia,Fios do poste a mostra,Ponto aprovado,-47.86873797999999,-15.768982290000011
Infraestrutura Energia,Fios do poste a mostra,Ponto aprovado,-47.86933593999999,-15.769745960000002
Infraestrutura Energia,Fios do poste a mostra,Ponto aprovado,-47.86951275,-15.769991040000008
Infraestrutura Energia,Fios do poste a mostra,Ponto aprovado,-47.86989311,-15.77052295
Infraestrutura Energia,Fios do poste a mostra,Ponto aprovado,-47.87008006,-15.770774130000001
Infraestrutura Energia,Fios do poste a mostra,Ponto aprovado,-47.870275019999994,-15.771051319999987
Infraestrutura Energia,Fios do poste a mostra,Ponto aprovado,-47.87044905,-15.771303109999996
Infraestrutura Energia,Fios do poste a mostra,Ponto aprovado,-47.870631249999995,-15.771562520000005
Infraestrutura Energia,Fios do poste a mostra,Ponto aprovado,-47.871018719999995,-15.77219682
Infraestrutura Energia,Fios do poste a mostra,Ponto aprovado,-47.87118008,-15.772334549999995
Infraestrutura Energia,Cabos frouxos,Ponto aprovado,-47.87150120999999,-15.772599559999998
Infraestrutura Energia,Fios do poste a mostra,Ponto aprovado,-47.87014133000001,-15.773898520000003
Infraestrutura Energia,Cabo Partido,Ponto aprovado,-47.86778965,-15.76563037
Infraestrutura Energia,Cabo Partido,Ponto aprovado,-47.868738889999996,-15.764946139999997
Infraestrutura Energia,Poste Quebrado,Ponto aprovado,-47.86900088,-15.764973260000003
Infraestrutura Energia,Luminária Apagada de Noite,Ponto aprovado,-47.871965751572006,-15.757852230831444
Infraestrutura Energia,Luminária Apagada de Noite,Ponto aprovado,-47.87155943247239,-15.757821874374267
Infraestrutura Energia,Luminária Apagada de Noite,Ponto aprovado,-47.87129656159686,-15.758182614805634
Infraestrutura Água,Área Inundada,Ponto aprovado,-47.857176381205306,-15.763416338110613
Infraestrutura Água,Vazamento Pequeno,Ponto aprovado,-47.86648901090526,-15.761186051935084
Infraestrutura Água,Vazamento Grande,Ponto aprovado,-47.87215193489455,-15.764864698216485
Infraestrutura Água,Vazamento Grande,Ponto aprovado,-47.87215421667881,-15.764886738670766
Infraestrutura Água,Vazamento Grande,Ponto aprovado,-47.87473702712391,-15.760307311489653
Infraestrutura Água,Vazamento Pequeno,Ponto aprovado,-47.87004239999999,-15.766822416666663
Infraestrutura Água,Vazamento Pequeno,Ponto aprovado,-47.869957799999995,-15.766852399999998
Infraestrutura Água,Bueiro Aberto,Ponto aprovado,-47.87136760912863,-15.75849559548651
Infraestrutura Água,Bueiro Aberto,Ponto aprovado,-47.870336079999994,-15.769051379999995
Infraestrutura Água,Bueiro Entupido,Ponto aprovado,-47.8666557,-15.774136009999996
Vias de Circulação,Buraco,Ponto aprovado,-47.87410648450776,-15.760669778494435
Vias de Circulação,Buraco,Ponto aprovado,-47.87112386808312,-15.75996764450817
Vias de Circulação,Pavimento Danificado,Ponto aprovado,-47.86792667493729,-15.75713843295908
Vias de Circulação,Buraco,Ponto aprovado,-47.86850854,-15.763296409999993
Vias de Circulação,Pavimento Danificado,Ponto aprovado,-47.86957253999999,-15.76570066
Vias de Circulação,Pavimento Danificado,Ponto aprovado,-47.86960436999999,-15.765657460000009
Vias de Circulação,Pavimento Danificado,Ponto aprovado,-47.86978662,-15.765127749999998
Vias de Circulação,Pavimento Danificado,Ponto aprovado,-47.86980601999999,-15.765029710000004
Vias de Circulação,Pavimento Danificado,Ponto aprovado,-47.86995035999999,-15.764934909999996
Vias de Circulação,Pavimento Danificado,Ponto aprovado,-47.87000542,-15.76482511999999
Vias de Circulação,Buraco,Ponto aprovado,-47.87019767999999,-15.76402853
Vias de Circulação,Pavimento Danificado,Ponto aprovado,-47.870293649999994,-15.76371615
Vias de Circulação,Pavimento Danificado,Ponto aprovado,-47.87035564999999,-15.763554029999995
Vias de Circulação,Pavimento Danificado,Ponto aprovado,-47.87057425,-15.763184439999996
Vias de Circulação,Pavimento Danificado,Ponto aprovado,-47.870970709999995,-15.763189590000007
Vias de Circulação,Pavimento Danificado,Ponto aprovado,-47.87153901999999,-15.76360333
Vias de Circulação,Pavimento Danificado,Ponto aprovado,-47.87176608,-15.763235830000006
Vias de Circulação,Pavimento Danificado,Ponto aprovado,-47.87167017,-15.762970169999996
Vias de Circulação,Pavimento Danificado,Ponto aprovado,-47.87125956,-15.762829890000004
Vias de Circulação,Pavimento Danificado,Ponto aprovado,-47.87093019,-15.762733549999997
Vias de Circulação,Buraco,Ponto aprovado,-47.87052292999999,-15.76264183999999
Vias de Circulação,Pavimento Danificado,Ponto aprovado,-47.870587709999995,-15.762363730000002
Vias de Circulação,Pavimento Danificado,Ponto aprovado,-47.87076173,-15.761850490000002
Vias de Circulação,Pavimento Danificado,Ponto aprovado,-47.870909989999994,-15.761240459999998
Vias de Circulação,Pavimento Danificado,Ponto aprovado,-47.87115538,-15.760414110000001
Vias de Circulação,Pavimento Danificado,Ponto aprovado,-47.872733149999995,-15.761214869999996
Vias de Circulação,Pavimento Danificado,Ponto aprovado,-47.87250244,-15.761970739999992
Vias de Circulação,Pavimento Danificado,Ponto aprovado,-47.87100616,-15.764231540000004
Vias de Circulação,Pavimento Danificado,Ponto aprovado,-47.868336019999994,-15.767498689999995
Vias de Circulação,Pavimento Danificado,Ponto aprovado,-47.86817203,-15.767587729999997
Vias de Circulação,Pavimento Danificado,Ponto aprovado,-47.86785483,-15.767210669999997
Vias de Circulação,Pavimento Danificado,Ponto aprovado,-47.86776036999999,-15.76706064
Vias de Circulação,Pavimento Danificado,Ponto aprovado,-47.86746517000001,-15.766661660000008
Vias de Circulação,Pavimento Danificado,Ponto aprovado,-47.86730896,-15.766447989999998
Vias de Circulação,Pavimento Danificado,Ponto aprovado,-47.86701863999999,-15.766028090000008
Vias de Circulação,Pavimento Danificado,Ponto aprovado,-47.86672594,-15.763944910000001
Vias de Circulação,Pavimento Danificado,Ponto aprovado,-47.867251,-15.763950069999998
Vias de Circulação,Pavimento Danificado,Ponto aprovado,-47.868348659999995,-15.762768039999994
Vias de Circulação,Pavimento Danificado,Ponto aprovado,-47.86848897,-15.76235225
Vias de Circulação,Pavimento Danificado,Ponto aprovado,-47.86838200999999,-15.762165469999987
Vias de Circulação,Pavimento Danificado,Ponto aprovado,-47.86823028,-15.762116859999997
Vias de Circulação,Pavimento Danificado,Ponto aprovado,-47.86801026,-15.761730869999996
Vias de Circulação,Pavimento Danificado,Ponto aprovado,-47.86705092,-15.761115210000003
Vias de Circulação,Pavimento Danificado,Ponto aprovado,-47.866821980000005,-15.760889680000002
Vias de Circulação,Pavimento Danificado,Ponto aprovado,-47.86746832,-15.760079100000004
Vias de Circulação,Pavimento Danificado,Ponto aprovado,-47.86866678999999,-15.759672719999998
Vias de Circulação,Pavimento Danificado,Ponto aprovado,-47.86929524999999,-15.759850660000003
Vias de Circulação,Pavimento Danificado,Ponto aprovado,-47.86961586,-15.759966029999996
Vias de Circulação,Pavimento Danificado,Ponto aprovado,-47.87027704,-15.760200060000004
Vias de Circulação,Pavimento Danificado,Ponto aprovado,-47.87012065999999,-15.760492459999998
Vias de Circulação,Pavimento Danificado,Ponto aprovado,-47.870072699999994,-15.761412799999999
Vias de Circulação,Pavimento Danificado,Ponto aprovado,-47.86954390999999,-15.761354829999993
Vias de Circulação,Pavimento Danificado,Ponto aprovado,-47.868915769999994,-15.762697209999999
Vias de Circulação,Pavimento Danificado,Ponto aprovado,-47.858170799999996,-15.765086299999995
Vias de Circulação,Pavimento Danificado,Ponto aprovado,-47.8582394,-15.7649298
Vias de Circulação,Pavimento Danificado,Ponto aprovado,-47.8582394,-15.7649298
Vias de Circulação,Pavimento Danificado,Ponto aprovado,-47.858212599999995,-15.765355499999998
Vias de Circulação,Pavimento Danificado,Ponto aprovado,-47.8580651,-15.765412399999997
Vias de Circulação,Pavimento Danificado,Ponto aprovado,-47.86942631,-15.76771371
Vias de Circulação,Buraco,Ponto aprovado,-47.86953058,-15.768307190000003
Vias de Circulação,Buraco,Ponto aprovado,-47.87025306999999,-15.768796259999991
Vias de Circulação,Pavimento Danificado,Ponto aprovado,-47.8582606,-15.765140399999996
Vias de Circulação,Pavimento Danificado,Ponto aprovado,-47.87123827999999,-15.77022249
Vias de Circulação,Pavimento Danificado,Ponto aprovado,-47.87130131999999,-15.770238039999999
Vias de Circulação,Pavimento Danificado,Ponto aprovado,-47.860426999999994,-15.763326400000002
Vias de Circulação,Buraco,Ponto aprovado,-47.8716962,-15.771012239999992
Vias de Circulação,Pavimento Danificado,Ponto aprovado,-47.8605828,-15.7634735
Vias de Circulação,Pavimento Danificado,Ponto aprovado,-47.86062669999999,-15.763281600000004
Vias de Circulação,Pavimento Danificado,Ponto aprovado,-47.871368219999994,-15.772574559999994
Vias de Circulação,Pavimento Danificado,Ponto aprovado,-47.87186434,-15.772636240000002
Vias de Circulação,Pavimento Danificado,Ponto aprovado,-47.871720859999996,-15.773042999999989
Vias de Circulação,Pavimento Danificado,Ponto aprovado,-47.87186407,-15.773294769999994
Vias de Circulação,Pavimento Danificado,Ponto aprovado,-47.87166194000001,-15.77404897
Vias de Circulação,Pavimento Danificado,Ponto aprovado,-47.87167364,-15.774752679999995
Vias de Circulação,Pavimento Danificado,Ponto aprovado,-47.87142828,-15.77549017000001
Vias de Circulação,Pavimento Danificado,Ponto aprovado,-47.87094492,-15.775480929999997
Vias de Circulação,Buraco,Ponto aprovado,-47.87057394,-15.77542037000001
Vias de Circulação,Pavimento Danificado,Ponto aprovado,-47.870335589999996,-15.77433923
Vias de Circulação,Buraco,Ponto aprovado,-47.87015294,-15.773213039999998
Vias de Circulação,Pavimento Danificado,Ponto aprovado,-47.870122759999994,-15.772957200000004
Vias de Circulação,Pavimento Danificado,Ponto aprovado,-47.87091904,-15.772383150000007
Vias de Circulação,Pavimento Danificado,Ponto aprovado,-47.87104303,-15.772370220000008
Vias de Circulação,Pavimento Danificado,Ponto aprovado,-47.87065922,-15.771565999999995
Vias de Circulação,Pavimento Danificado,Ponto aprovado,-47.870351119999995,-15.771128620000004
Vias de Circulação,Buraco,Ponto aprovado,-47.87047518999999,-15.771308050000007
Vias de Circulação,Buraco,Ponto aprovado,-47.870074769999995,-15.770744349999998
Vias de Circulação,Pavimento Danificado,Ponto aprovado,-47.86986552999999,-15.770475799999996
Vias de Circulação,Buraco,Ponto aprovado,-47.869982119999996,-15.77061855
Vias de Circulação,Pavimento Danificado,Ponto aprovado,-47.87002098,-15.770660739999995
Vias de Circulação,Buraco,Ponto aprovado,-47.87005884,-15.770720939999997
Vias de Circulação,Buraco,Ponto aprovado,-47.869521559999995,-15.769996630000005
Vias de Circulação,Pavimento Danificado,Ponto aprovado,-47.86909773,-15.769414759999995
Vias de Circulação,Buraco,Ponto aprovado,-47.86911854,-15.769487499999995
Vias de Circulação,Pavimento Danificado,Ponto aprovado,-47.869224319999994,-15.76944789999999
Vias de Circulação,Pavimento Danificado,Ponto aprovado,-47.86929291999999,-15.769650859999997
Vias de Circulação,Buraco,Ponto aprovado,-47.86935032,-15.769744630000002
Vias de Circulação,Buraco,Ponto aprovado,-47.86875532999999,-15.768973139999998
Vias de Circulação,Pavimento Danificado,Ponto aprovado,-47.86866255,-15.768854730000001
Vias de Circulação,Buraco,Ponto aprovado,-47.86855858,-15.768709679999988
Vias de Circulação,Pavimento Danificado,Ponto aprovado,-47.86849575,-15.768600889999997
Vias de Circulação,Buraco,Ponto aprovado,-47.86838012,-15.768443290000008
Vias de Circulação,Pavimento Danificado,Ponto aprovado,-47.868223,-15.768357369999995
Vias de Circulação,Pavimento Danificado,Ponto aprovado,-47.86811973,-15.76844306
Vias de Circulação,Pavimento Danificado,Ponto aprovado,-47.86787579999999,-15.76873817
Vias de Circulação,Pavimento Danificado,Ponto aprovado,-47.867696959999996,-15.7692213
Vias de Circulação,Pavimento Danificado,Ponto aprovado,-47.86614895,-15.77201416
Vias de Circulação,Pavimento Danificado,Ponto aprovado,-47.86624831,-15.771939349999993
Vias de Circulação,Buraco,Ponto aprovado,-47.86979893333333,-15.76619266666667
Vias de Circulação,Buraco,Ponto aprovado,-47.872881833575235,-15.759520286279729
Vias de Circulação,Buraco,Ponto aprovado,-47.872899448960744,-15.759309357109409
Vias de Circulação,Buraco,Ponto aprovado,-47.87268707275716,-15.759078333603124
Vias de Circulação,Buraco,Ponto aprovado,-47.87264625329725,-15.759379094430557
Vias de Circulação,Pavimento Danificado,Ponto aprovado,-47.87264206822758,-15.759621768113442
Vias de Circulação,Pavimento Danificado,Ponto aprovado,-47.872793267299905,-15.76032297476168
Vias de Circulação,Buraco,Ponto aprovado,-47.87084438849736,-15.757888811023617
Vias de Circulação,Buraco,Ponto aprovado,-47.87038568099482,-15.75910827998695
Vias de Circulação,Pavimento Danificado,Ponto aprovado,-47.86742786443654,-15.758573253703062
Vias de Circulação,Pavimento Danificado,Ponto aprovado,-47.867514312702134,-15.758511888306877
Vias de Circulação,Buraco,Ponto aprovado,-47.86780603898991,-15.757727083915672
Vias de Circulação,Buraco,Ponto aprovado,-47.867733204139846,-15.757867419089058
Vias de Circulação,Pavimento Danificado,Ponto aprovado,-47.86751361990646,-15.758186935269952
Vias de Circulação,Buraco,Ponto aprovado,-47.86999773333333,-15.766293816666668
Vias de Circulação,Buraco,Ponto aprovado,-47.86999773333333,-15.766293816666668
Vias de Circulação,Pavimento Danificado,Ponto aprovado,-47.869778716666666,-15.76621991666667
Vias de Circulação,Pavimento Danificado,Ponto aprovado,-47.870665416666654,-15.766594933333339
Vias de Circulação,Pavimento Danificado,Ponto aprovado,-47.870654783333336,-15.766617383333337
Vias de Circulação,Buraco,Ponto aprovado,-47.87353985,-15.762686316666668
Vias de Circulação,Pavimento Danificado,Ponto aprovado,-47.870359359999995,-15.769004549999996
Vias de Circulação,Buraco,Ponto aprovado,-47.876927867416626,-15.749132192992288
Vias de Circulação,Buraco,Ponto aprovado,-47.8772493393524,-15.748851152998208
Vias de Circulação,Buraco,Ponto aprovado,-47.87689133993819,-15.749203000801751
Vias de Circulação,Buraco,Ponto aprovado,-47.87671681723744,-15.749430259112636
Vias de Circulação,Buraco,Ponto aprovado,-47.87669527863799,-15.7496521708443
Vias de Circulação,Buraco,Ponto aprovado,-47.87688275200777,-15.749667614443004
Vias de Circulação,Buraco,Ponto aprovado,-47.87688275200777,-15.749667614443004
Vias de Circulação,Buraco,Ponto aprovado,-47.876884848522856,-15.749643978262501
Vias de Circulação,Pavimento Danificado,Ponto aprovado,-47.869117149999994,-15.767019633333325
Vias de Circulação,Buraco,Ponto aprovado,-47.87004328333334,-15.766165800000001
Vias de Circulação,Buraco,Ponto aprovado,-47.87034748333333,-15.766508733333332
Vias de Circulação,Pavimento Danificado,Ponto aprovado,-47.872556,-15.76769111666667
Vias de Circulação,Buraco,Ponto aprovado,-47.871388300000014,-15.766921500000002
Vias de Circulação,Buraco,Ponto aprovado,-47.86630201,-15.772363769999993
Vias de Circulação,Pavimento Danificado,Ponto aprovado,-47.86711971,-15.770657360000005
Vias de Circulação,Pavimento Danificado,Ponto aprovado,-47.867709819999995,-15.769086979999997
Vias de Circulação,Pavimento Danificado,Ponto aprovado,-47.87081478,-15.769550839999994
Vias de Circulação,Pavimento Danificado,Ponto aprovado,-47.86629695,-15.766984700000002
Vias de Circulação,Pavimento Danificado,Ponto aprovado,-47.86629695,-15.766984700000002
Vias de Circulação,Pavimento Danificado,Ponto aprovado,-47.86628872,-15.767032150000002
Vias de Circulação,Pavimento Danificado,Ponto aprovado,-47.86628872,-15.767032150000002
Vias de Circulação,Pavimento Danificado,Ponto aprovado,-47.86622875999999,-15.76720684
Vias de Circulação,Buraco,Ponto aprovado,-47.86624145999999,-15.767223879999992
Vias de Circulação,Pavimento Danificado,Ponto aprovado,-47.866067439999995,-15.768126199999983
Vias de Circulação,Pavimento Danificado,Ponto aprovado,-47.86610459999999,-15.767959910000005
Vias de Circulação,Pavimento Danificado,Ponto aprovado,-47.86639553,-15.767436199999999
Vias de Circulação,Buraco,Ponto aprovado,-47.86623955,-15.767350380000002
Vias de Circulação,Pavimento Danificado,Ponto aprovado,-47.86620647,-15.767214929999996
Vias de Circulação,Pavimento Danificado,Ponto aprovado,-47.86620411,-15.767211839999991
Vias de Circulação,Pavimento Danificado,Ponto aprovado,-47.8662214,-15.767155109999997
Vias de Circulação,Pavimento Danificado,Ponto aprovado,-47.866304969999995,-15.767050729999998
Vias de Circulação,Pavimento Danificado,Ponto aprovado,-47.86771345,-15.76416811
Vias de Circulação,Pavimento Danificado,Ponto aprovado,-47.86775925999999,-15.764059139999992
Vias de Circulação,Pavimento Danificado,Ponto aprovado,-47.86747452,-15.764008140000003
Vias de Circulação,Pavimento Danificado,Ponto aprovado,-47.86724578999999,-15.763972589999998
Vias de Circulação,Buraco,Ponto aprovado,-47.86759001,-15.763423809999997
Vias de Circulação,Pavimento Danificado,Ponto aprovado,-47.86767003,-15.763310789999997
Vias de Circulação,Pavimento Danificado,Ponto aprovado,-47.86653864,-15.762703370000004
Vias de Circulação,Buraco,Ponto aprovado,-47.8663319,-15.762489939999998
Vias de Circulação,Pavimento Danificado,Ponto aprovado,-47.86621147999999,-15.762395880000009
Vias de Circulação,Pavimento Danificado,Ponto aprovado,-47.86601818,-15.762951279999996
Vias de Circulação,Pavimento Danificado,Ponto aprovado,-47.8719294,-15.763322516666667
Vias de Circulação,Buraco,Ponto aprovado,-47.8724168,-15.762696783333327
Vias de Circulação,Pavimento Danificado,Ponto aprovado,-47.87222383333333,-15.762923016666665
Vias de Circulação,Pavimento Danificado,Ponto aprovado,-47.87244258333333,-15.762679283333334
Vias de Circulação,Pavimento Danificado,Ponto aprovado,-47.8727955,-15.762259416666664
Vias de Circulação,Pavimento Danificado,Ponto aprovado,-47.87219543333334,-15.763627733333333
Vias de Circulação,Pavimento Danificado,Ponto aprovado,-47.872830099999995,-15.764211716666656
Vias de Circulação,Pavimento Danificado,Ponto aprovado,-47.87321925,-15.763571816666666
Vias de Circulação,Pavimento Danificado,Ponto aprovado,-47.87343555,-15.763473749999998
Vias de Circulação,Pavimento Danificado,Ponto aprovado,-47.87340053333334,-15.763492683333322
Vias de Circulação,Pavimento Danificado,Ponto aprovado,-47.873724866666656,-15.763016899999995
Vias de Circulação,Pavimento Danificado,Ponto aprovado,-47.8720310944901,-15.757838975042523
Vias de Circulação,Pavimento Danificado,Ponto aprovado,-47.87145401520009,-15.758124286008933
Vias de Circulação,Buraco,Ponto aprovado,-47.872506901055985,-15.758058081337971
Vias de Circulação,Sinalização Obstruída Placa,Ponto aprovado,-47.86862,-15.769412329999996
Segurança,Furto,Ponto aprovado,-47.86007316694147,-15.760153503740856
Segurança,Movimentação Suspeita,Ponto aprovado,-47.86185415372741,-15.760050248632595
Segurança,Área sem Iluminação,Ponto aprovado,-47.87208630000001,-15.763156349999997
Segurança,Movimentação Suspeita,Ponto aprovado,-47.871499616666675,-15.76379863333333
Segurança,Área sem Iluminação,Ponto aprovado,-47.87113466666666,-15.76422148333333
Segurança,Área sem Iluminação,Ponto aprovado,-47.87083351999999,-15.775567079999993
Segurança,Área sem Iluminação,Ponto aprovado,-47.87035621999999,-15.775099019999994
Segurança,Área sem Iluminação,Ponto aprovado,-47.87240546666666,-15.765690749999997
Segurança,Botão de Segurança Quebrado,Ponto aprovado,-47.87090298,-15.772387439999996
Segurança,Botão de Segurança Tombado,Ponto aprovado,-47.86963638,-15.774533829999996
Segurança,Botão de Segurança Quebrado,Ponto aprovado,-47.86761994999999,-15.774997059999999
Sanitários,Porta Danificada,Ponto aprovado,-47.872325497721825,-15.758191647704013
Sanitários,Porta Danificada,Ponto aprovado,-47.87140281782068,-15.758935090117129
Sanitários,Sujeira Excessiva,Ponto aprovado,-47.86820293333333,-15.764498100000003
Sanitários,Sujeira Excessiva,Ponto aprovado,-47.868245083333335,-15.764647850000003
Sanitários,Falta de Sabão,Ponto aprovado,-47.86819121,-15.764402490000002
Sanitários,Sujeira Excessiva,Ponto aprovado,-47.86834435000001,-15.764435116666663
Sanitários,Falta de Papel Higiênico,Ponto aprovado,-47.86882247999999,-15.76401123
Sanitários,Falta de Sabão,Ponto aprovado,-47.86824796,-15.764618599999999
Sanitários,Falta de Papel Higiênico,Ponto aprovado,-47.86741492,-15.765063639999997
Sanitários,Falta de Sabão,Ponto aprovado,-47.86735332,-15.765081839999997
Sanitários,Mictório Entupido,Ponto aprovado,-47.86773605999999,-15.764823750000005
Sanitários,Falta de Papel Higiênico,Ponto aprovado,-47.867735229999994,-15.765368120000007
Sanitários,Falta de Papel Higiênico,Ponto aprovado,-47.86791806000001,-15.765161860000001
Sanitários,Falta de Papel Higiênico,Ponto aprovado,-47.8680621,-15.7651034
Sanitários,Falta de Sabão,Ponto aprovado,-47.8695623,-15.763682500000005
Sanitários,Falta de Papel Higiênico,Ponto aprovado,-47.869575739999995,-15.763747159999998
Sanitários,Mictório Entupido,Ponto aprovado,-47.8697231,-15.762960799999995
Sanitários,Falta de Papel Higiênico,Ponto aprovado,-47.86927146,-15.76431823
Sanitários,Mictório sem Funcionamento,Ponto aprovado,-47.86891795,-15.76801901
Sanitários,Falta de Sabão,Ponto aprovado,-47.86892604999999,-15.768007610000002
Sanitários,Mictório sem Funcionamento,Ponto aprovado,-47.86947829,-15.768632179999997
Sanitários,Mictório sem Funcionamento,Ponto aprovado,-47.86667332999999,-15.774080030000002
Sanitários,Vazamento,Ponto aprovado,-47.8728383,-15.761310299999998
Sanitários,Vazamento,Ponto aprovado,-47.8728383,-15.761310299999998
Sanitários,Mictório sem Funcionamento,Ponto aprovado,-47.8728383,-15.761310299999998
Sanitários,Falta de Sabão,Ponto aprovado,-47.872047083308416,-15.760055538272578
Sanitários,Falta de Papel Higiênico,Ponto aprovado,-47.8728383,-15.7516429
Sanitários,Falta de Sabão,Ponto aprovado,-47.86789746,-15.76114581
Sanitários,Porta Danificada,Ponto aprovado,-47.868945190000005,-15.768098640000003
Sanitários,Falta de Sabão,Ponto aprovado,-47.8677976,-15.769768700000004
Sanitários,Descarga Quebrada,Ponto aprovado,-47.8708122,-15.758977399999997
Sanitários,Vazamento,Ponto aprovado,-47.870806699999996,-15.758980199999991
Sanitários,Mictório Entupido,Ponto aprovado,-47.870806699999996,-15.758980199999991
Sanitários,Falta de Sabão,Ponto aprovado,-47.87113819514494,-15.758174226047856
Sanitários,Falta de Papel Higiênico,Ponto aprovado,-47.87039451541203,-15.757946514947617
Sanitários,Falta de Sabão,Ponto aprovado,-47.87038669999999,-15.757006900000002
Sanitários,Falta de Sabão,Ponto aprovado,-47.86961395315277,-15.758465342537443
Sanitários,Mictório Entupido,Ponto aprovado,-47.86936639,-15.768558460000001
Sanitários,Porta Danificada,Ponto aprovado,-47.86938572,-15.768638800000003
Sanitários,Mictório sem Funcionamento,Ponto aprovado,-47.86970109999999,-15.767061399999998
Sanitários,Falta de Sabão,Ponto aprovado,-47.87139119999999,-15.767697516666663
Sanitários,Falta de Papel Higiênico,Ponto aprovado,-47.87142226666666,-15.767692533333335
Sanitários,Vazamento,Ponto aprovado,-47.87711412079849,-15.749036701654852
Sanitários,Falta de Assento,Ponto aprovado,-47.87328926666667,-15.761731183333335
Sanitários,Descarga Quebrada,Ponto aprovado,-47.873139550000005,-15.761344299999996
Sanitários,Sujeira Excessiva,Ponto aprovado,-47.8660158,-15.765975679999999
Sanitários,Mictório sem Funcionamento,Ponto aprovado,-47.87168713333334,-15.763380333333338
Sanitários,Porta Danificada,Ponto aprovado,-47.871731016666665,-15.763488549999995
Sanitários,Porta Danificada,Ponto aprovado,-47.871818749999996,-15.763534149999987
Sanitários,Mictório sem Funcionamento,Ponto aprovado,-47.87179473333333,-15.763525400000004
Sanitários,Mictório Entupido,Ponto aprovado,-47.87245138333332,-15.763186783333337
Sanitários,Mictório sem Funcionamento,Ponto aprovado,-47.870369229999994,-15.764591050000003
Sanitários,Falta de Sabão,Ponto aprovado,-47.870760773402,-15.758802285839762
Sanitários,Vazamento,Ponto aprovado,-47.87099888539833,-15.758057743609239
Sanitários,Sujeira Excessiva,Ponto aprovado,-47.87100298311909,-15.75804934765611
Sanitários,Falta de Papel Higiênico,Ponto aprovado,-47.86965043786836,-15.758243718669311
Sanitários,Falta de Sabão,Ponto aprovado,-47.86958836299994,-15.758319374382763
Sanitários,Descarga Quebrada,Ponto aprovado,-47.870761069519304,-15.758808441549247
Sanitários,Sujeira Excessiva,Ponto aprovado,-47.871264453747195,-15.756828593132186
Sanitários,Falta de Sabão,Ponto aprovado,-47.871219888978466,-15.756827149218093
Sanitários,Porta Danificada,Ponto aprovado,-47.87117947266881,-15.757366517132938
Sanitários,Sujeira Excessiva,Ponto aprovado,-47.87150200358137,-15.75800178850424
Sanitários,Sujeira Excessiva,Ponto aprovado,-47.87094153,-15.77153918
Sanitários,Mictório sem Funcionamento,Ponto aprovado,-47.87030358,-15.772708920000003
Sanitários,Falta de Papel Higiênico,Ponto aprovado,-47.86985670999999,-15.774291299999996
Sanitários,Mictório Entupido,Ponto aprovado,-47.870297310104384,-15.759526353588093
Sanitários,Falta de Iluminação,Ponto aprovado,-47.87073768999999,-15.772600510000013
Sanitários,Sujeira Excessiva,Ponto aprovado,-47.86877269,-15.775029900000005
Sanitários,Mictório Entupido,Ponto aprovado,-47.86949688999999,-15.7660108
Sanitários,Porta Danificada,Ponto aprovado,-47.86733181,-15.774878709999996
Infraestrutura Esgoto,Vazamento Grande,Ponto rejeitado,-48.047866943154986,-15.834919956440936
Infraestrutura Esgoto,Vazamento Pequeno,Ponto rejeitado,-48.047866943154986,-15.834919956440936
Infraestrutura Energia,Cabo Partido,Ponto rejeitado,-47.987161433333334,-15.780089650000006
Infraestrutura Água,Área Inundada,Ponto rejeitado,-48.11052346999999,-15.87587848
Vias de Circulação,Buraco,Ponto rejeitado,-48.10583263333333,-15.925814549999997
Vias de Circulação,Buraco,Ponto rejeitado,-48.10567946666666,-15.926108083333332
Vias de Circulação,Buraco,Ponto rejeitado,-48.10575526666666,-15.926006583333338
Vias de Circulação,Sinalização Obstruída Faixa,Ponto rejeitado,-47.88267296,-15.79458578
Segurança,Área sem Iluminação,Ponto rejeitado,-45.905718,-23.207087599999998
Segurança,Movimentação Suspeita,Ponto rejeitado,-48.104204349999996,-15.873331359999996
Segurança,Área sem Iluminação,Ponto rejeitado,-48.10652298333333,-15.9266544
Sanitários,Sujeira Excessiva,Ponto rejeitado,-48.10055402,-15.868772229999996
